Workbook

Sheet README
A1: Dataset Dummy: TokoBerkah E-Commerce
A3: Sheet: orders -> 1 baris = 1 pesanan (order_id unik)
A4: Sheet: order_items -> 1 baris = 1 produk dalam pesanan (1 order bisa banyak item)
A5: Sheet: products -> master data produk, kategori, harga modal & jual
A6: Sheet: customers -> master data pelanggan
A8: Relasi: orders.order_id = order_items.order_id
A9: Relasi: order_items.product_id = products.product_id
A10: Relasi: orders.customer_id = customers.customer_id
A12: Catatan: ada data kotor sengaja (kota huruf kapital tidak konsisten,
A13: spasi berlebih di nama, 1 nilai segmen kosong, 1 baris duplikat di order_items)
A14: untuk latihan data cleaning.
A16: Periode data: Januari - Desember 2025
A17: Total orders: 800 | Total customers: 200 | Total produk: 24

Sheet orders
A1: order_id | B1: customer_id | C1: tanggal_order | D1: status | E1: diskon_persen | F1: kota
A2: ORD00256 | B2: CUST0167 | C2: 45685.833 | D2: Selesai | E2: 0 | F2: =VLOOKUP(B2,customers!A:F,6,FALSE) -> Jakarta
A3: ORD00409 | B3: CUST0167 | C3: 45687.833 | D3: Selesai | E3: 0 | F3: =VLOOKUP(B3,customers!A:F,6,FALSE) -> Jakarta
A4: ORD00478 | B4: CUST0159 | C4: 45690.333 | D4: Selesai | E4: 0 | F4: =VLOOKUP(B4,customers!A:F,6,FALSE) -> Bandung
A5: ORD00684 | B5: CUST0141 | C5: 45696.417 | D5: Selesai | E5: 0.1 | F5: =VLOOKUP(B5,customers!A:F,6,FALSE) -> Palembang
A6: ORD00517 | B6: CUST0165 | C6: 45697.625 | D6: Dibatalkan | E6: 0.05 | F6: =VLOOKUP(B6,customers!A:F,6,FALSE) -> Bandung
A7: ORD00313 | B7: CUST0093 | C7: 45698.458 | D7: Dibatalkan | E7: 0 | F7: =VLOOKUP(B7,customers!A:F,6,FALSE) -> Surabaya
A8: ORD00109 | B8: CUST0015 | C8: 45698.458 | D8: Selesai | E8: 0 | F8: =VLOOKUP(B8,customers!A:F,6,FALSE) -> Semarang
A9: ORD00274 | B9: CUST0089 | C9: 45699.333 | D9: Dibatalkan | E9: 0 | F9: =VLOOKUP(B9,customers!A:F,6,FALSE) -> Makassar
A10: ORD00643 | B10: CUST0093 | C10: 45702.667 | D10: Selesai | E10: 0 | F10: =VLOOKUP(B10,customers!A:F,6,FALSE) -> Surabaya
A11: ORD00131 | B11: CUST0041 | C11: 45705.5 | D11: Dibatalkan | E11: 0.15 | F11: =VLOOKUP(B11,customers!A:F,6,FALSE) -> Palembang
A12: ORD00392 | B12: CUST0070 | C12: 45705.792 | D12: Dibatalkan | E12: 0 | F12: =VLOOKUP(B12,customers!A:F,6,FALSE) -> Bandung
A13: ORD00789 | B13: CUST0167 | C13: 45707.5 | D13: Dibatalkan | E13: 0.15 | F13: =VLOOKUP(B13,customers!A:F,6,FALSE) -> Jakarta
... A801: ORD00350 | B801: CUST0079 | C801: 46030.417 | D801: Selesai | E801: 0 | F801: =VLOOKUP(B801,customers!A:F,6,FALSE) -> Makassar

Sheet order_items
A1: item_id | B1: order_id | C1: product_id | D1: qty | E1: harga_satuan | F1: nama_produk | G1: revenue | H1: harga_modal | I1: profit | J1: customer_id | K1: kota
A2: ITM00001 | B2: ORD00001 | C2: PRD021 | D2: 1 | E2: 69000 | F2: =VLOOKUP(C2,products!A:C,2,FALSE) -> Lampu LED Hias 5m | G2: =D2*E2 -> 69000 | H2: =VLOOKUP(C2,products!A:D,4,FALSE) -> 30000 | I2: =(E2-H2)*D2 -> 39000 | J2: =VLOOKUP(B2,orders!A:B,2,FALSE) -> CUST0007 | K2: =VLOOKUP(J2,customers!A:F,6,FALSE) -> Yogyakarta
A3: ITM00002 | B3: ORD00001 | C3: PRD020 | D3: 1 | E3: 179000 | F3: =VLOOKUP(C3,products!A:C,2,FALSE) -> Rak Penyimpanan Serbaguna | G3: =D3*E3 -> 179000 | H3: =VLOOKUP(C3,products!A:D,4,FALSE) -> 90000 | I3: =(E3-H3)*D3 -> 89000 | J3: =VLOOKUP(B3,orders!A:B,2,FALSE) -> CUST0007 | K3: =VLOOKUP(J3,customers!A:F,6,FALSE) -> Yogyakarta
A4: ITM00003 | B4: ORD00002 | C4: PRD021 | D4: 3 | E4: 69000 | F4: =VLOOKUP(C4,products!A:C,2,FALSE) -> Lampu LED Hias 5m | G4: =D4*E4 -> 207000 | H4: =VLOOKUP(C4,products!A:D,4,FALSE) -> 30000 | I4: =(E4-H4)*D4 -> 117000 | J4: =VLOOKUP(B4,orders!A:B,2,FALSE) -> CUST0036 | K4: =VLOOKUP(J4,customers!A:F,6,FALSE) -> Yogyakarta
A5: ITM00004 | B5: ORD00003 | C5: PRD021 | D5: 3 | E5: 69000 | F5: =VLOOKUP(C5,products!A:C,2,FALSE) -> Lampu LED Hias 5m | G5: =D5*E5 -> 207000 | H5: =VLOOKUP(C5,products!A:D,4,FALSE) -> 30000 | I5: =(E5-H5)*D5 -> 117000 | J5: =VLOOKUP(B5,orders!A:B,2,FALSE) -> CUST0174 | K5: =VLOOKUP(J5,customers!A:F,6,FALSE) -> Makassar
A6: ITM00005 | B6: ORD00004 | C6: PRD005 | D6: 3 | E6: 39000 | F6: =VLOOKUP(C6,products!A:C,2,FALSE) -> Kabel Data USB-C | G6: =D6*E6 -> 117000 | H6: =VLOOKUP(C6,products!A:D,4,FALSE) -> 15000 | I6: =(E6-H6)*D6 -> 72000 | J6: =VLOOKUP(B6,orders!A:B,2,FALSE) -> CUST0109 | K6: =VLOOKUP(J6,customers!A:F,6,FALSE) -> Surabaya
A7: ITM00006 | B7: ORD00004 | C7: PRD009 | D7: 1 | E7: 79000 | F7: =VLOOKUP(C7,products!A:C,2,FALSE) -> Kaos Polos Cotton Combed | G7: =D7*E7 -> 79000 | H7: =VLOOKUP(C7,products!A:D,4,FALSE) -> 35000 | I7: =(E7-H7)*D7 -> 44000 | J7: =VLOOKUP(B7,orders!A:B,2,FALSE) -> CUST0109 | K7: =VLOOKUP(J7,customers!A:F,6,FALSE) -> Surabaya
A8: ITM00007 | B8: ORD00005 | C8: PRD022 | D8: 1 | E8: 55000 | F8: =VLOOKUP(C8,products!A:C,2,FALSE) -> Sapu + Pengki Set | G8: =D8*E8 -> 55000 | H8: =VLOOKUP(C8,products!A:D,4,FALSE) -> 25000 | I8: =(E8-H8)*D8 -> 30000 | J8: =VLOOKUP(B8,orders!A:B,2,FALSE) -> CUST0056 | K8: =VLOOKUP(J8,customers!A:F,6,FALSE) -> Surabaya
A9: ITM00008 | B9: ORD00005 | C9: PRD005 | D9: 1 | E9: 39000 | F9: =VLOOKUP(C9,products!A:C,2,FALSE) -> Kabel Data USB-C | G9: =D9*E9 -> 39000 | H9: =VLOOKUP(C9,products!A:D,4,FALSE) -> 15000 | I9: =(E9-H9)*D9 -> 24000 | J9: =VLOOKUP(B9,orders!A:B,2,FALSE) -> CUST0056 | K9: =VLOOKUP(J9,customers!A:F,6,FALSE) -> Surabaya
A10: ITM00009 | B10: ORD00005 | C10: PRD012 | D10: 1 | E10: 229000 | F10: =VLOOKUP(C10,products!A:C,2,FALSE) -> Celana Jeans Slimfit | G10: =D10*E10 -> 229000 | H10: =VLOOKUP(C10,products!A:D,4,FALSE) -> 110000 | I10: =(E10-H10)*D10 -> 119000 | J10: =VLOOKUP(B10,orders!A:B,2,FALSE) -> CUST0056 | K10: =VLOOKUP(J10,customers!A:F,6,FALSE) -> Surabaya
A11: ITM00010 | B11: ORD00006 | C11: PRD005 | D11: 1 | E11: 39000 | F11: =VLOOKUP(C11,products!A:C,2,FALSE) -> Kabel Data USB-C | G11: =D11*E11 -> 39000 | H11: =VLOOKUP(C11,products!A:D,4,FALSE) -> 15000 | I11: =(E11-H11)*D11 -> 24000 | J11: =VLOOKUP(B11,orders!A:B,2,FALSE) -> CUST0007 | K11: =VLOOKUP(J11,customers!A:F,6,FALSE) -> Yogyakarta
A12: ITM00011 | B12: ORD00006 | C12: PRD022 | D12: 1 | E12: 55000 | F12: =VLOOKUP(C12,products!A:C,2,FALSE) -> Sapu + Pengki Set | G12: =D12*E12 -> 55000 | H12: =VLOOKUP(C12,products!A:D,4,FALSE) -> 25000 | I12: =(E12-H12)*D12 -> 30000 | J12: =VLOOKUP(B12,orders!A:B,2,FALSE) -> CUST0007 | K12: =VLOOKUP(J12,customers!A:F,6,FALSE) -> Yogyakarta
A13: ITM00012 | B13: ORD00007 | C13: PRD007 | D13: 3 | E13: 99000 | F13: =VLOOKUP(C13,products!A:C,2,FALSE) -> Mouse Wireless | G13: =D13*E13 -> 297000 | H13: =VLOOKUP(C13,products!A:D,4,FALSE) -> 45000 | I13: =(E13-H13)*D13 -> 162000 | J13: =VLOOKUP(B13,orders!A:B,2,FALSE) -> CUST0184 | K13: =VLOOKUP(J13,customers!A:F,6,FALSE) -> Denpasar
... A1359: ITM00824 | B1359: ORD00478 | C1359: PRD017 | D1359: 1 | E1359: 329000 | F1359: =VLOOKUP(C1359,products!A:C,2,FALSE) -> Rice Cooker Mini 1.5L | G1359: =D1359*E1359 -> 329000 | H1359: =VLOOKUP(C1359,products!A:D,4,FALSE) -> 180000 | I1359: =(E1359-H1359)*D1359 -> 149000 | J1359: =VLOOKUP(B1359,orders!A:B,2,FALSE) -> CUST0159 | K1359: =VLOOKUP(J1359,customers!A:F,6,FALSE) -> Bandung

Sheet products
A1: product_id | B1: nama_produk | C1: kategori | D1: harga_modal | E1: harga_jual
A2: PRD001 | B2: Wireless Earbuds X1 | C2: Elektronik | D2: 150000 | E2: 299000
A3: PRD002 | B3: Power Bank 10000mAh | C3: Elektronik | D3: 80000 | E3: 159000
A4: PRD003 | B4: Smartwatch Lite | C4: Elektronik | D4: 250000 | E4: 499000
A5: PRD004 | B5: Speaker Bluetooth Mini | C5: Elektronik | D5: 100000 | E5: 199000
A6: PRD005 | B6: Kabel Data USB-C | C6: Elektronik | D6: 15000 | E6: 39000
A7: PRD006 | B7: Charger Fast Charging 33W | C7: Elektronik | D7: 60000 | E7: 129000
A8: PRD007 | B8: Mouse Wireless | C8: Elektronik | D8: 45000 | E8: 99000
A9: PRD008 | B9: Keyboard Mechanical Mini | C9: Elektronik | D9: 200000 | E9: 399000
A10: PRD009 | B10: Kaos Polos Cotton Combed | C10: Fashion | D10: 35000 | E10: 79000
A11: PRD010 | B11: Kemeja Flanel Pria | C11: Fashion | D11: 70000 | E11: 159000
A12: PRD011 | B12: Dress Casual Wanita | C12: Fashion | D12: 90000 | E12: 199000
A13: PRD012 | B13: Celana Jeans Slimfit | C13: Fashion | D13: 110000 | E13: 229000
... A25: PRD024 | B25: Tumbler Termos 500ml | C25: Rumah Tangga | D25: 40000 | E25: 89000

Sheet customers
A1: customer_id | B1: nama_pelanggan | C1: kota | D1: tanggal_bergabung | E1: segmen | F1: kota_rapi
A2: CUST0001 | B2: Opung Saefullah | C2: Bandung | D2: 45890 | E2: VIP | F2: Bandung
A3: CUST0002 | B3: Okto Jailani | C3: Depok | D3: 45747 | E3: Reguler | F3: Depok
A4: CUST0003 | B4: R. Lantar Anggraini | C4: Jakarta | D4: 45904 | E4: Baru | F4: Jakarta
A5: CUST0004 | B5: Darimin Pradipta | C5: Jakarta | D5: 45669 | E5: VIP | F5: Jakarta
A6: CUST0005 | B6: Kanda Napitupulu | C6: Semarang | D6: 45841 | E6: Reguler | F6: Semarang
A7: CUST0006 | B7: Puji Andriani, S.H. | C7: Jakarta | D7: 45918 | E7: VIP | F7: Jakarta
A8: CUST0007 | B8: Yessi Ardianto | C8: Yogyakarta | D8: 45821 | E8: Baru | F8: Yogyakarta
A9: CUST0008 | B9: Nalar Anggraini | C9: Jakarta | D9: 45934 | E9: Baru | F9: Jakarta
A10: CUST0009 | B10: Darijan Sirait | C10: Surabaya | D10: 45781 | E10: Reguler | F10: Surabaya
A11: CUST0010 | B11: Cinta Tamba | C11: Bandung | D11: 45695 | E11: Baru | F11: Bandung
A12: CUST0011 | B12: Tgk. Yani Gunawan | C12: Semarang | D12: 45966 | E12: Baru | F12: Semarang
A13: CUST0012 | B13: R. Virman Waluyo | C13: Surabaya | D13: 45923 | E13: Baru | F13: Surabaya
... A103: CUST0102 | B103: R.A. Hasna Manullang, S.IP | C103: Jakarta | D103: 45950 | E103: VIP | F103: Jakarta
A104: CUST0103 | B104: Sidiq Halimah | C104: Semarang | D104: 45797 | F104: Semarang
A105: CUST0104 | B105: Dr. Kamaria Samosir, S.H. | C105: Jakarta | D105: 45738 | E105: Reguler | F105: Jakarta
A106: CUST0105 | B106: Dadi Wacana, S.Psi | C106: Jakarta | D106: 45739 | E106: Baru | F106: Jakarta
A107: CUST0106 | B107: Prasetyo Setiawan | C107: Medan | D107: 45759 | E107: Reguler | F107: Medan
A108: CUST0107 | B108: dr. Mustika Nasyiah | C108: Makassar | D108: 45785 | E108: Baru | F108: Makassar
A109: CUST0108 | B109: Bambang Rajata | C109: Depok | D109: 45778 | E109: Baru | F109: Depok
A110: CUST0109 | B110: Ani Kurniawan | C110: Surabaya | D110: 45722 | E110: Reguler | F110: Surabaya
A111: CUST0110 | B111: Titi Sihotang | C111: Makassar | D111: 45875 | E111: Reguler | F111: Makassar
A112: CUST0111 | B112: R. Harsana Permata | C112: Makassar | D112: 45816 | E112: Reguler | F112: Makassar
A113: CUST0112 | B113: Nugraha Fujiati | C113: Jakarta | D113: 45727 | E113: Baru | F113: Jakarta
A114: CUST0113 | B114: Dr. Mahfud Winarsih, S.Kom | C114: Surabaya | D114: 45658 | E114: Baru | F114: Surabaya
A115: CUST0114 | B115: Warta Widiastuti | C115: Denpasar | D115: 45790 | E115: Baru | F115: Denpasar
A116: CUST0115 | B116: dr. Salimah Maheswara | C116: Palembang | D116: 45993 | E116: Reguler | F116: Palembang
... A201: CUST0200 | B201: Zelda Kuswandari | C201: Depok | D201: 46009 | E201: Reguler | F201: Depok

Sheet Pivot_Pesanan_per_Bulan
A3: Row Labels | B3: Count of order_id
A4: Jan | B4: 9
A5: Feb | B5: 16
A6: Mar | B6: 36
A7: Apr | B7: 31
A8: May | B8: 49
A9: Jun | B9: 73
A10: Jul | B10: 62
A11: Aug | B11: 69
A12: Sep | B12: 71
A13: Oct | B13: 113
A14: Nov | B14: 115
A15: Dec | B15: 156
A16: Grand Total | B16: 800

Sheet Pivot_Qty_per_Produk
A3: Row Labels | B3: Sum of qty
A4: Lampu LED Hias 5m | B4: 537
A5: Kabel Data USB-C | B5: 350
A6: Rak Penyimpanan Serbaguna | B6: 146
A7: Sapu + Pengki Set | B7: 130
A8: Rice Cooker Mini 1.5L | B8: 124
A9: Kaos Polos Cotton Combed | B9: 121
A10: Keyboard Mechanical Mini | B10: 100
A11: Charger Fast Charging 33W | B11: 85
A12: Sepatu Sneakers Casual | B12: 77
A13: Celana Jeans Slimfit | B13: 47
A14: Power Bank 10000mAh | B14: 32
A15: Botol Minum Stainless 1L | B15: 27
... A25: Grand Total | B25: 1880

Sheet Pivot_Revenue_per_Produk
A3: Row Labels | B3: Sum of revenue
A4: Rice Cooker Mini 1.5L | B4: 40796000
A5: Keyboard Mechanical Mini | B5: 39900000
A6: Lampu LED Hias 5m | B6: 37053000
A7: Sepatu Sneakers Casual | B7: 26873000
A8: Rak Penyimpanan Serbaguna | B8: 26134000
A9: Kabel Data USB-C | B9: 13650000
A10: Charger Fast Charging 33W | B10: 10965000
A11: Celana Jeans Slimfit | B11: 10763000
A12: Kaos Polos Cotton Combed | B12: 9559000
A13: Smartwatch Lite | B13: 9481000
A14: Sapu + Pengki Set | B14: 7150000
A15: Power Bank 10000mAh | B15: 5088000
... A25: Grand Total | B25: 252540000

Sheet Pivot_Profit_per_Produk
A3: Row Labels | B3: Sum of profit
A4: Lampu LED Hias 5m | B4: 20943000
A5: Keyboard Mechanical Mini | B5: 19900000
A6: Rice Cooker Mini 1.5L | B6: 18476000
A7: Sepatu Sneakers Casual | B7: 13013000
A8: Rak Penyimpanan Serbaguna | B8: 12994000
A9: Kabel Data USB-C | B9: 8400000
A10: Charger Fast Charging 33W | B10: 5865000
A11: Celana Jeans Slimfit | B11: 5593000
A12: Kaos Polos Cotton Combed | B12: 5324000
A13: Smartwatch Lite | B13: 4731000
A14: Sapu + Pengki Set | B14: 3900000
A15: Power Bank 10000mAh | B15: 2528000
... A25: Grand Total | B25: 129665000

Sheet Pivot_Pesanan_per_Kota
A3: Row Labels | B3: Count of order_id
A4: Jakarta | B4: 170
A5: Surabaya | B5: 108
A6: Bandung | B6: 84
A7: Yogyakarta | B7: 81
A8: Denpasar | B8: 73
A9: Palembang | B9: 71
A10: Makassar | B10: 56
A11: Semarang | B11: 54
A12: Depok | B12: 52
A13: Medan | B13: 51
A14: Grand Total | B14: 800

Sheet Pivot_Revenue_per_Kota
A3: Row Labels | B3: Sum of revenue
A4: Jakarta | B4: 57013000
A5: Surabaya | B5: 29606000
A6: Denpasar | B6: 25966000
A7: Bandung | B7: 24765000
A8: Yogyakarta | B8: 23652000
A9: Palembang | B9: 22052000
A10: Makassar | B10: 19441000
A11: Semarang | B11: 18786000
A12: Depok | B12: 17237000
A13: Medan | B13: 14022000
A14: Grand Total | B14: 252540000
